course_acronym,area
CHIN 3,Area B
CHIN 3NH,Area B
CHIN 4,Area B
CHIN 4NH,Area B
CHIN 5,Area B
CHIN 5NH,Area B
CHIN 6,Area B
FR 3,Area B
FR 4,Area B
FR 5,Area B
FR 6,Area B
FR 6GS,Area B
GER 3,Area B
GER 4,Area B
GER 5,Area B
GER 6,Area B
GREEK 3,Area B
HEB 3,Area B
ITAL 3,Area B
ITAL 4,Area B
ITAL 5,Area B
ITAL 6,Area B
JAPAN 3,Area B
JAPAN 4,Area B
JAPAN 5,Area B
JAPAN 6,Area B
JAPANW 5,Area B
JAPANW 6,Area B
KOR 3,Area B
KOR 4,Area B
KOR 5,Area B
KOR 6,Area B
LATIN 3,Area B
PORT 3,Area B
PORT 4,Area B
PORT 5,Area B
PORT 6,Area B
PORT 16B,Area B
RG ST 10C,Area B
RG ST 10D,Area B
RG ST 10E,Area B
RG ST 10F,Area B
RG ST 11C,Area B
RG ST 57C,Area B
RG ST 58C,Area B
RG ST 58D,Area B
RG ST 65C,Area B
RG ST 65E,Area B
RG ST 65F,Area B
RG ST 158E,Area B
RG ST 159C,Area B
RUSS 3,Area B
RUSS 4,Area B
RUSS 5,Area B
RUSS 6,Area B
SPAN 3,Area B
SPAN 3HY,Area B
SPAN 4,Area B
SPAN 5,Area B
SPAN 6,Area B
SPAN 16A,Area B
SPAN 16B,Area B
SPAN W 3,Area B
ANTH 5,Area C
ASTRO 1,Area C
ASTRO 2,Area C
ASTROW 1,Area C
CHEM 1A,Area C
CHEM 1AL,Area C
CHEM 2A,Area C
CHEM 3A,Area C
CHEM 25,Area C
CMPSC 5A,Area C
CMPSC 5B,Area C
CMPSC 8,Area C
CMPSCW 8,Area C
COMM 87,Area C
EARTH 2,Area C
EARTH 4,Area C
EARTH 7,Area C
EARTH 9,Area C
EARTH 10,Area C
EARTH 11,Area C
EARTH 20,Area C
EARTH 30,Area C
EARTH 111,Area C
EARTH 123,Area C
EARTH 130,Area C
EARTH 161,Area C
EARTHW 20,Area C
EEMB 3,Area C
EEMB 40,Area C
EEMB 50,Area C
EEMB 136,Area C
EEMB W 22,Area C
ENV S 2,Area C
ENV S 115,Area C
GEOG 3,Area C
GEOG 4,Area C
GEOG 8,Area C
GEOG W 12,Area C
INT 35HD,Area C
LING 15,Area C
LING 106,Area C
MATH 2A,Area C
MATH 2B,Area C
MATH 3A,Area C
MATH 3B,Area C
MATH 34A,Area C
MATH 34B,Area C
MATRL 10,Area C
MCDB 1A,Area C
MCDB 20,Area C
MCDB 26,Area C
MCDB 28,Area C
PHIL 183,Area C
PHYS 1,Area C
PHYS 6A,Area C
PHYS 6AL,Area C
PHYS 6B,Area C
PHYS 6BL,Area C
PHYS 6C,Area C
PHYS 6CL,Area C
PHYS 21,Area C
PSTAT 5A,Area C
PSTAT 5LS,Area C
PSY 106,Area C
PSY 108,Area C
ANTH 2,Area D
ANTH 3,Area D
ANTH 3SS,Area D
ANTH 7,Area D
ANTH 109,Area D
ANTH 110,Area D
ANTH 134,Area D
ANTH 135,Area D
ANTH 137,Area D
ANTH 156,Area D
AS AM 1,Area D
AS AM 2,Area D
AS AM 8,Area D
AS AM 9,Area D
AS AM 100AA,Area D
AS AM 100BB,Area D
AS AM 100FF,Area D
AS AM 111,Area D
AS AM 130,Area D
AS AM 136,Area D
AS AM 137,Area D
AS AM 154,Area D
AS AM 157,Area D
AS AM 165,Area D
AS AMW 1,Area D
BL ST 1,Area D
BL ST 4,Area D
BL ST 15,Area D
BL ST 122,Area D
BL ST 124,Area D
BL ST 125,Area D
BL ST 129,Area D
BL ST 131,Area D
BL ST 169BR,Area D
BL ST 171,Area D
BL ST 174,Area D
C LIT 186FL,Area D
CH ST 1A,Area D
CH ST 1B,Area D
CH ST 1C,Area D
CH ST 114,Area D
CH ST 140,Area D
CH ST 151,Area D
CH ST 168B,Area D
CH ST 187,Area D
CH STW 1B,Area D
COMM 1,Area D
EACS 103B,Area D
EACS 103C,Area D
ECON 1,Area D
ECON 2,Area D
ECON 9,Area D
ENV S 1,Area D
ENV S 130A,Area D
ENV S 130B,Area D
FEMST 20,Area D
FEMST 30,Area D
FEMST 50,Area D
FEMST 60,Area D
FEMST 159B,Area D
FEMSTW 20,Area D
FR 151G,Area D
FR 154L,Area D
GEOG 2,Area D
GEOG 5,Area D
GEOG 6,Area D
GEOG 20,Area D
GEOG 108,Area D
GEOG 150,Area D
GLOBL 2,Area D
HIST 5,Area D
HIST 17A,Area D
HIST 17B,Area D
HIST 17C,Area D
HIST 74,Area D
HIST 117C,Area D
HIST 144J,Area D
HIST 159B,Area D
HIST 167CA,Area D
HIST 167CB,Area D
HIST 168A,Area D
HIST 168B,Area D
HIST 172A,Area D
HIST W 17B,Area D
JAPAN 162,Area D
LING 20,Area D
LING 70,Area D
LING 132,Area D
LING 170,Area D
LING 180,Area D
LING 187,Area D
MUS 175F,Area D
MUS 175G,Area D
POL S 12,Area D
POL S 121,Area D
POL S 145,Area D
POL S 150A,Area D
POL S 155,Area D
POL SW 121,Area D
PSY 1,Area D
PSY 102,Area D
PSY 105,Area D
PSY 159,Area D
PSY 183,Area D
PSY W 1,Area D
RG ST 7,Area D
RG ST 14,Area D
RG ST 35,Area D
RG ST 115A,Area D
RG ST 131H,Area D
RG ST 140B,Area D
RG ST 147,Area D
RG ST 151B,Area D
RG ST 152,Area D
SLAV 152A,Area D
SLAV 152B,Area D
SLAV 152C,Area D
SOC 1,Area D
SOC 131,Area D
SOC 134,Area D
SOC 144,Area D
SOC 152A,Area D
SOC 153,Area D
SPAN 178,Area D
ANTH 138TS,Area E
ARTHI 6B,Area E
ARTHI 6C,Area E
ARTHI 6DL,Area E
ARTHI 6L,Area E
ARTHI 6M,Area E
ARTHI 115E,Area E
ARTHI 136I,Area E
ARTHIW 6R,Area E
AS AM 71,Area E
AS AM 138,Area E
AS AM 161,Area E
BL ST 3,Area E
BL ST 7,Area E
BL ST 49A,Area E
BL ST 49B,Area E
BL ST 49C,Area E
BL ST 50,Area E
BL ST 104,Area E
BL ST 130A,Area E
BL ST 130B,Area E
C LIT 28,Area E
C LIT 30A,Area E
C LIT 30B,Area E
C LIT 30C,Area E
C LIT 35,Area E
C LIT 43A,Area E
C LIT 50,Area E
C LIT 50B,Area E
C LIT 50C,Area E
C LIT 82,Area E
C LIT 101,Area E
C LIT 113,Area E
C LIT 134,Area E
C LIT 152,Area E
C LIT 154I,Area E
C LIT 155,Area E
C LIT 171,Area E
C LIT 181A,Area E
C LIT 181B,Area E
C LIT 183,Area E
C LIT 185,Area E
C LIT 190A,Area E
CH ST 113,Area E
CHIN 48,Area E
CHIN 82,Area E
CHIN 148,Area E
CHIN 183B,Area E
CHIN 185A,Area E
CHIN 185B,Area E
CLASS 20B,Area E
CLASS 50,Area E
CLASS 101,Area E
CLASS 106,Area E
CLASS 140,Area E
CLASS 150,Area E
CLASS 171,Area E
EACS 3,Area E
EACS 4A,Area E
EACS 4B,Area E
EACS 5,Area E
EACS 21,Area E
EACS 80,Area E
EACS 128,Area E
ENGL 22,Area E
ENGL 23,Area E
ENGL 24,Area E
ENGL 34NA,Area E
ENGL 37,Area E
ENGL 39,Area E
ENGL 141MC,Area E
ENGL 171LE,Area E
ENGL 171NH,Area E
ENV S 3,Area E
FR 50BX,Area E
FR 50CX,Area E
FR 154F,Area E
FR 154G,Area E
FR 154I,Area E
GER 35,Area E
GER 43A,Area E
GER 116A,Area E
GER 152,Area E
GER 155,Area E
GER 164H,Area E
GER 177A,Area E
GER 185,Area E
GLOBL 1,Area E
HIST 2A,Area E
HIST 2B,Area E
HIST 2C,Area E
HIST 2CH,Area E
HIST 4A,Area E
HIST 4AH,Area E
HIST 4B,Area E
HIST 4C,Area E
HIST 8,Area E
HIST 20,Area E
HIST 22,Area E
HIST 46A,Area E
HIST 46B,Area E
HIST 49A,Area E
HIST 49B,Area E
HIST 49C,Area E
HIST 74,Area E
HIST 80,Area E
HIST 87,Area E
HIST 88,Area E
HIST 106B,Area E
HIST 107C,Area E
HIST 133D,Area E
HIST 164C,Area E
HIST 171C,Area E
HIST 171D,Area E
HIST 184A,Area E
HIST 184B,Area E
HIST 185A,Area E
HIST 185B,Area E
HIST 187A,Area E
HIST 187B,Area E
HIST 189E,Area E
HIST W 80,Area E
HIST W 121A,Area E
INT 35HD,Area E
INT 37UD,Area E
ITAL 20X,Area E
ITAL 120X,Area E
ITAL 138F,Area E
ITAL 139CX,Area E
ITAL 139DX,Area E
ITAL 139FX,Area E
ITAL 139GX,Area E
ITAL 139TX,Area E
ITAL 139YX,Area E
ITAL 139ZX,Area E
ITAL 189X,Area E
JAPAN 162,Area E
JAPAN 165,Area E
LAIS 101,Area E
LING 15,Area E
LING 50,Area E
MES 45,Area E
PHIL 1,Area E
PHIL 3,Area E
PHIL 4,Area E
PHIL 20A,Area E
PHIL 20B,Area E
PHIL 20C,Area E
PHIL 100A,Area E
PHIL 100B,Area E
PHIL 100C,Area E
PHIL 100D,Area E
PHIL 100E,Area E
PHIL 100F,Area E
PHIL 112,Area E
PORT 125A,Area E
RG ST 1,Area E
RG ST 3,Area E
RG ST 4,Area E
RG ST 6,Area E
RG ST 12,Area E
RG ST 19,Area E
RG ST 21,Area E
RG ST 28,Area E
RG ST 30,Area E
RG ST 31,Area E
RG ST 37,Area E
RG ST 48,Area E
RG ST 71,Area E
RG ST 80C,Area E
RG ST 101,Area E
RG ST 115G,Area E
RG ST 116A,Area E
RG ST 123,Area E
RG ST 128,Area E
RG ST 133C,Area E
RG ST 144,Area E
RG ST 149H,Area E
RG ST 157I,Area E
RG ST 183B,Area E
RG ST 185,Area E
SLAV 33,Area E
SLAV 181A,Area E
SLAV 181B,Area E
SPAN 107,Area E
SPAN 153E,Area E
SPAN 177,Area E
ART 1A,Area F
ART 7A,Area F
ART 106W,Area F
ARTHI 5A,Area F
ARTHI 5B,Area F
ARTHI 6B,Area F
ARTHI 6C,Area F
ARTHI 6DL,Area F
ARTHI 6DS,Area F
ARTHI 6E,Area F
ARTHI 6F,Area F
ARTHI 6G,Area F
ARTHI 6H,Area F
ARTHI 6J,Area F
ARTHI 6K,Area F
ARTHI 6L,Area F
ARTHI 6M,Area F
ARTHI 105C,Area F
ARTHI 109B,Area F
ARTHI 109C,Area F
ARTHI 111B,Area F
ARTHI 111C,Area F
ARTHI 113F,Area F
ARTHI 117F,Area F
ARTHI 119B,Area F
ARTHI 121D,Area F
ARTHI 127A,Area F
ARTHI 130D,Area F
ARTHI 132A,Area F
ARTHI 134C,Area F
ARTHI 134D,Area F
ARTHI 134E,Area F
ARTHI 136C,Area F
ARTHI 136I,Area F
ARTHI 136O,Area F
ARTHI 136W,Area F
ARTHI 141D,Area F
ARTHI 141G,Area F
ARTHI 144C,Area F
ARTHIW 6R,Area F
AS AM 4,Area F
AS AM 79,Area F
AS AM 118,Area F
AS AM 127,Area F
BL ST 14,Area F
BL ST 153,Area F
BL ST 162,Area F
BL ST 170,Area F
BL ST 171,Area F
BL ST 172,Area F
BL ST 175,Area F
CH ST 125B,Area F
CH ST 138,Area F
CH ST 148,Area F
CHIN 40,Area F
CHIN 134D,Area F
CHIN 170,Area F
CHIN 176,Area F
CLASS 102,Area F
CLASS 170,Area F
DANCE 36,Area F
DANCE 45,Area F
DANCEW 36,Area F
ENGL 15SH,Area F
ENV S 136O,Area F
FAMST 46,Area F
FAMST 55BE,Area F
FAMST 55CY,Area F
FAMST 55DD,Area F
FAMST 56ZM,Area F
FAMST 122IT,Area F
FAMST 122JA,Area F
FAMST 122ME,Area F
FAMST 122NI,Area F
FAMST 163,Area F
FAMST 169,Area F
FAMST 175,Area F
GER 55A,Area F
ITAL 124X,Area F
ITAL 179X,Area F
ITAL 180X,Area F
JAPAN 159,Area F
MUS 3B,Area F
MUS 11,Area F
MUS 15,Area F
MUS 16,Area F
MUS 17,Area F
MUS 114,Area F
MUS 116,Area F
MUS 119A,Area F
RG ST 13,Area F
SLAV 130A,Area F
SLAV 130C,Area F
SPAN 126,Area F
SPAN 148B,Area F
THTR 2B,Area F
THTR 2C,Area F
THTR 5,Area F
THTR 9,Area F
THTR 143,Area F
THTR 180A,Area F
THTR 180E,Area F
THTR 180G,Area F
THTR 182A,Area F
THTR 182M,Area F
THTR 188S,Area F
THTR W 2B,Area F
AS AM 5,Area G
AS AM 122,Area G
AS AM 128,Area G
BL ST 33,Area G
BL ST 38A,Area G
BL ST 126,Area G
BL ST 127,Area G
BL ST 130A,Area G
BL ST 130B,Area G
C LIT 29,Area G
C LIT 30A,Area G
C LIT 30B,Area G
C LIT 30C,Area G
C LIT 31,Area G
C LIT 32,Area G
C LIT 33,Area G
C LIT 34,Area G
C LIT 82,Area G
C LIT 100,Area G
C LIT 107,Area G
C LIT 113,Area G
C LIT 114,Area G
C LIT 115,Area G
C LIT 122B,Area G
C LIT 126,Area G
C LIT 128A,Area G
C LIT 153B,Area G
C LIT 154,Area G
C LIT 154I,Area G
C LIT 161,Area G
C LIT 170,Area G
C LIT 171,Area G
C LIT 175A,Area G
C LIT 179C,Area G
C LIT 183,Area G
C LIT 186EE,Area G
C LIT 187,Area G
C LIT 189,Area G
C LIT 191,Area G
CH ST 180,Area G
CH ST 181,Area G
CH ST 184A,Area G
CHIN 80,Area G
CHIN 82,Area G
CHIN 148,Area G
CHIN W 80,Area G
CLASS 20A,Area G
CLASS 36,Area G
CLASS 40,Area G
CLASS 55,Area G
CLASS 102,Area G
CLASS 175,Area G
ENGL 15,Area G
ENGL 15SH,Area G
ENGL 22,Area G
ENGL 23,Area G
ENGL 24,Area G
ENGL 25,Area G
ENGL 34NA,Area G
ENGL 39,Area G
ENGL 50,Area G
ENGL 101,Area G
ENGL 102BA,Area G
ENGL 103A,Area G
ENGL 103B,Area G
ENGL 103WT,Area G
ENGL 104A,Area G
ENGL 104B,Area G
ENGL 105A,Area G
ENGL 115,Area G
ENGL 120,Area G
ENGL 122CC,Area G
ENGL 122CM,Area G
ENGL 122CS,Area G
ENGL 122EC,Area G
ENGL 122LE,Area G
ENGL 122ME,Area G
ENGL 122NE,Area G
ENGL 122RC,Area G
ENGL 122UE,Area G
ENGL 124,Area G
ENGL 128AF,Area G
ENGL 128GN,Area G
ENGL 128NA,Area G
ENGL 131BR,Area G
ENGL 133TL,Area G
ENGL 134AA,Area G
ENGL 134AD,Area G
ENGL 134AL,Area G
ENGL 134BL,Area G
ENGL 134CR,Area G
ENGL 134NA,Area G
ENGL 134RJ,Area G
ENGL 136,Area G
ENGL 141MC,Area G
ENGL 150,Area G
ENGL 165AD,Area G
ENGL 165AE,Area G
ENGL 165EM,Area G
ENGL 165PP,Area G
ENGL 165RR,Area G
ENGL 170SB,Area G
ENGL 170TL,Area G
ENGL 179,Area G
ENGL 184,Area G
ENGL 185,Area G
ENGL 187ML,Area G
ENGL 192DF,Area G
ENGL 192FE,Area G
ENGL 192SC,Area G
ENGL 192SF,Area G
ENGL 192SS,Area G
ENGL 192WW,Area G
ENGL 193,Area G
ENV S 122CC,Area G
ENV S 122LE,Area G
ENV S 122NE,Area G
ENV S 160,Area G
FEMST 40,Area G
FR 34,Area G
FR 101A,Area G
FR 101B,Area G
FR 101C,Area G
FR 149D,Area G
FR 149E,Area G
FR 153B,Area G
FR 153D,Area G
FR 154A,Area G
FR 154E,Area G
FR 154F,Area G
FR 154G,Area G
FR 154I,Area G
FR 154J,Area G
FR 189,Area G
GER 115C,Area G
GER 116A,Area G
GER 151C,Area G
GER 164E,Area G
GER 177A,Area G
GER 179C,Area G
GER 187,Area G
GREEK 100,Area G
GREEK 101,Area G
INT 35LT,Area G
ITAL 101,Area G
ITAL 102,Area G
ITAL 114X,Area G
ITAL 179X,Area G
JAPAN 112,Area G
KOR 113,Area G
LAIS 102,Area G
LAIS 174,Area G
LATIN 100,Area G
LATIN 101,Area G
PORT 105,Area G
PORT 115A,Area G
RG ST 115G,Area G
RG ST 129,Area G
RG ST 133E,Area G
RG ST 157CP,Area G
RG ST 157PP,Area G
RG ST 179B,Area G
SLAV 151C,Area G
SLAV 164B,Area G
SLAV 175A,Area G
SLAV 187,Area G
SPAN 30,Area G
SPAN 108,Area G
SPAN 131,Area G
SPAN 138,Area G
SPAN 139,Area G
SPAN 140A,Area G
SPAN 174,Area G
ARTHI 121D,Ethnicity
AS AM 1,Ethnicity
AS AM 2,Ethnicity
AS AM 4,Ethnicity
AS AM 5,Ethnicity
AS AM 8,Ethnicity
AS AM 9,Ethnicity
AS AM 71,Ethnicity
AS AM 100AA,Ethnicity
AS AM 100BB,Ethnicity
AS AM 100CC,Ethnicity
AS AM 100DD,Ethnicity
AS AM 100FF,Ethnicity
AS AM 111,Ethnicity
AS AM 118,Ethnicity
AS AM 125,Ethnicity
AS AM 127,Ethnicity
AS AM 130,Ethnicity
AS AM 136,Ethnicity
AS AM 137,Ethnicity
AS AM 138,Ethnicity
AS AM 154,Ethnicity
AS AM 157,Ethnicity
AS AM 160,Ethnicity
AS AM 161,Ethnicity
AS AM 162,Ethnicity
AS AM 165,Ethnicity
AS AMW 1,Ethnicity
BL ST 1,Ethnicity
BL ST 4,Ethnicity
BL ST 14,Ethnicity
BL ST 15,Ethnicity
BL ST 38A,Ethnicity
BL ST 50,Ethnicity
BL ST 122,Ethnicity
BL ST 127,Ethnicity
BL ST 129,Ethnicity
BL ST 131,Ethnicity
BL ST 137E,Ethnicity
BL ST 169BR,Ethnicity
BL ST 170,Ethnicity
BL ST 172,Ethnicity
C LIT 29,Ethnicity
CH ST 1A,Ethnicity
CH ST 1B,Ethnicity
CH ST 1C,Ethnicity
CH ST 125B,Ethnicity
CH ST 138,Ethnicity
CH ST 140,Ethnicity
CH ST 148,Ethnicity
CH ST 151,Ethnicity
CH ST 168B,Ethnicity
CH ST 168E,Ethnicity
CH ST 180,Ethnicity
CH ST 181,Ethnicity
CH ST 184A,Ethnicity
CH ST 187,Ethnicity
CH ST 189,Ethnicity
CH STW 1B,Ethnicity
ENGL 39,Ethnicity
ENGL 50,Ethnicity
ENGL 134AA,Ethnicity
ENGL 134AD,Ethnicity
ENGL 134AL,Ethnicity
ENGL 134BL,Ethnicity
ENGL 134CR,Ethnicity
ENGL 134NA,Ethnicity
ENGL 134RJ,Ethnicity
FEMST 60,Ethnicity
FEMST 142,Ethnicity
HIST 144J,Ethnicity
HIST 168A,Ethnicity
HIST 168B,Ethnicity
HIST 168N,Ethnicity
HIST 179B,Ethnicity
LING 180,Ethnicity
LING 187,Ethnicity
POL S 160,Ethnicity
POL S 161,Ethnicity
RG ST 14,Ethnicity
RG ST 71,Ethnicity
RG ST 123,Ethnicity
RG ST 131F,Ethnicity
RG ST 140E,Ethnicity
RG ST 157I,Ethnicity
SOC 128,Ethnicity
SOC 139A,Ethnicity
SOC 144,Ethnicity
SOC 153,Ethnicity
SPAN 16A,Ethnicity
SPAN 16B,Ethnicity
SPAN 109,Ethnicity
SPAN 139,Ethnicity
THTR 180E,Ethnicity
THTR 180F,Ethnicity
THTR 180G,Ethnicity
ARTHI 6B,Euro Trad
ARTHI 6C,Euro Trad
ARTHI 6M,Euro Trad
ARTHI 141G,Euro Trad
ARTHIW 6R,Euro Trad
C LIT 30A,Euro Trad
C LIT 30B,Euro Trad
C LIT 30C,Euro Trad
C LIT 50,Euro Trad
C LIT 50B,Euro Trad
C LIT 50C,Euro Trad
C LIT 114,Euro Trad
C LIT 134,Euro Trad
C LIT 186FL,Euro Trad
CLASS 20A,Euro Trad
CLASS 20B,Euro Trad
CLASS 36,Euro Trad
CLASS 40,Euro Trad
CLASS 50,Euro Trad
CLASS 55,Euro Trad
CLASS 60,Euro Trad
CLASS 101,Euro Trad
CLASS 102,Euro Trad
CLASS 106,Euro Trad
CLASS 140,Euro Trad
CLASS 150,Euro Trad
CLASS 170,Euro Trad
CLASS 171,Euro Trad
CLASS 175,Euro Trad
ENGL 22,Euro Trad
FR 50BX,Euro Trad
FR 50CX,Euro Trad
GREEK 100,Euro Trad
GREEK 101,Euro Trad
HIST 2A,Euro Trad
HIST 2B,Euro Trad
HIST 2C,Euro Trad
HIST 2CH,Euro Trad
HIST 4A,Euro Trad
HIST 4AH,Euro Trad
HIST 4B,Euro Trad
HIST 4C,Euro Trad
HIST 117C,Euro Trad
HIST 133D,Euro Trad
HIST W 121A,Euro Trad
INT 35LT,Euro Trad
ITAL 114X,Euro Trad
ITAL 120X,Euro Trad
ITAL 139CX,Euro Trad
ITAL 139DX,Euro Trad
ITAL 139FX,Euro Trad
ITAL 139GX,Euro Trad
ITAL 139TX,Euro Trad
ITAL 139YX,Euro Trad
ITAL 139ZX,Euro Trad
ITAL 189X,Euro Trad
LATIN 100,Euro Trad
LATIN 101,Euro Trad
MUS 10A,Euro Trad
MUS 10B,Euro Trad
MUS 10C,Euro Trad
PHIL 20A,Euro Trad
PHIL 20B,Euro Trad
PHIL 20C,Euro Trad
RG ST 80C,Euro Trad
THTR 2C,Euro Trad
ASTRO 1,Quant Relationships
ASTRO 2,Quant Relationships
ASTROW 1,Quant Relationships
C LIT 152,Quant Relationships
CHEM 1A,Quant Relationships
CHEM 1AL,Quant Relationships
CHEM 2A,Quant Relationships
CHEM 25,Quant Relationships
CMPSC 5A,Quant Relationships
CMPSC 5B,Quant Relationships
CMPSC 8,Quant Relationships
CMPSCW 8,Quant Relationships
COMM 87,Quant Relationships
EARTH 2,Quant Relationships
EARTH 4,Quant Relationships
EARTH 7,Quant Relationships
EARTH 9,Quant Relationships
EARTH 10,Quant Relationships
EARTH 11,Quant Relationships
EARTH 20,Quant Relationships
EARTH 123,Quant Relationships
EARTH 130,Quant Relationships
EARTHW 20,Quant Relationships
ENV S 115,Quant Relationships
GEOG 8,Quant Relationships
GER 152,Quant Relationships
MATH 2A,Quant Relationships
MATH 2B,Quant Relationships
MATH 3A,Quant Relationships
MATH 3B,Quant Relationships
MATH 34A,Quant Relationships
MATH 34B,Quant Relationships
PHYS 1,Quant Relationships
PHYS 2,Quant Relationships
PHYS 3,Quant Relationships
PHYS 3L,Quant Relationships
PHYS 4,Quant Relationships
PHYS 4L,Quant Relationships
PHYS 5,Quant Relationships
PHYS 5L,Quant Relationships
PHYS 6A,Quant Relationships
PHYS 6AL,Quant Relationships
PHYS 6B,Quant Relationships
PHYS 6BL,Quant Relationships
PHYS 6C,Quant Relationships
PHYS 6CL,Quant Relationships
PHYS 21,Quant Relationships
PSTAT 5A,Quant Relationships
PSTAT 5LS,Quant Relationships
ANTH 3,Writing
ANTH 116A,Writing
ANTH 135,Writing
ANTH 138TS,Writing
ANTH 169,Writing
ART 1A,Writing
ARTHI 5A,Writing
ARTHI 6B,Writing
ARTHI 6C,Writing
ARTHI 6DL,Writing
ARTHI 6DS,Writing
ARTHI 6F,Writing
ARTHI 6G,Writing
ARTHI 6H,Writing
ARTHI 6K,Writing
ARTHI 6L,Writing
ARTHI 6M,Writing
ARTHI 121E,Writing
ARTHI 186B,Writing
ARTHI 186D,Writing
ARTHI 186E,Writing
ARTHI 186G,Writing
ARTHI 186P,Writing
ARTHI 187B,Writing
ARTHI 187H,Writing
ARTHI 187Z,Writing
ARTHIW 6R,Writing
AS AM 4,Writing
AS AM 79,Writing
AS AM 100BB,Writing
AS AM 100FF,Writing
AS AM 111,Writing
AS AM 122,Writing
AS AM 128,Writing
AS AM 136,Writing
AS AM 137,Writing
AS AM 161,Writing
BL ST 1,Writing
BL ST 7,Writing
BL ST 14,Writing
BL ST 33,Writing
BL ST 38A,Writing
BL ST 49A,Writing
BL ST 49B,Writing
BL ST 49C,Writing
BL ST 50,Writing
BL ST 104,Writing
BL ST 124,Writing
BL ST 125,Writing
BL ST 126,Writing
BL ST 127,Writing
BL ST 129,Writing
BL ST 130A,Writing
BL ST 131,Writing
BL ST 137E,Writing
BL ST 153,Writing
BL ST 162,Writing
BL ST 169BR,Writing
BL ST 170,Writing
BL ST 171,Writing
BL ST 172,Writing
BL ST 174,Writing
C LIT 28,Writing
C LIT 29,Writing
C LIT 30A,Writing
C LIT 30B,Writing
C LIT 30C,Writing
C LIT 31,Writing
C LIT 32,Writing
C LIT 33,Writing
C LIT 34,Writing
C LIT 35,Writing
C LIT 36,Writing
C LIT 43A,Writing
C LIT 50,Writing
C LIT 50C,Writing
C LIT 82,Writing
C LIT 100,Writing
C LIT 107,Writing
C LIT 113,Writing
C LIT 114,Writing
C LIT 115,Writing
C LIT 122B,Writing
C LIT 126,Writing
C LIT 128A,Writing
C LIT 134,Writing
C LIT 153B,Writing
C LIT 154,Writing
C LIT 154I,Writing
C LIT 161,Writing
C LIT 170,Writing
C LIT 171,Writing
C LIT 175A,Writing
C LIT 179C,Writing
C LIT 181A,Writing
C LIT 181B,Writing
C LIT 185,Writing
C LIT 186EE,Writing
C LIT 186FL,Writing
C LIT 187,Writing
C LIT 189,Writing
C LIT 190A,Writing
CH ST 1A,Writing
CH ST 1B,Writing
CH ST 1C,Writing
CH ST 180,Writing
CH ST 181,Writing
CH ST 184A,Writing
CH ST 187,Writing
CH STW 1B,Writing
CHIN 40,Writing
CHIN 48,Writing
CHIN 82,Writing
CHIN 170,Writing
CHIN 185A,Writing
CHIN 185B,Writing
CLASS 55,Writing
CLASS 102,Writing
CLASS 106,Writing
CLASS 171,Writing
CLASS 175,Writing
CNCSP 101,Writing
COMM 1,Writing
COMM 130,Writing
COMM 137,Writing
COMM 153,Writing
DANCE 36,Writing
DANCEW 36,Writing
EACS 3,Writing
EACS 4A,Writing
EACS 4B,Writing
EACS 5,Writing
EACS 21,Writing
EACS 80,Writing
EARTH 104A,Writing
EARTH 104B,Writing
EARTH 123,Writing
EARTH 130,Writing
ECON 107A,Writing
ECON 117A,Writing
ED 20,Writing
EEMB 138,Writing
EEMB 142BL,Writing
EEMB 142CL,Writing
EEMB 179,Writing
ENGL 15,Writing
ENGL 18,Writing
ENGL 25,Writing
ENGL 50,Writing
ENGL 102BA,Writing
ENGL 103A,Writing
ENGL 103B,Writing
ENGL 103WT,Writing
ENGL 104A,Writing
ENGL 104B,Writing
ENGL 105A,Writing
ENGL 115,Writing
ENGL 120,Writing
ENGL 122CC,Writing
ENGL 122CM,Writing
ENGL 122CS,Writing
ENGL 122EC,Writing
ENGL 122LE,Writing
ENGL 122ME,Writing
ENGL 122NE,Writing
ENGL 122RC,Writing
ENGL 122UE,Writing
ENGL 124,Writing
ENGL 128AF,Writing
ENGL 128GN,Writing
ENGL 128NA,Writing
ENGL 131BR,Writing
ENGL 133TL,Writing
ENGL 134AA,Writing
ENGL 134AD,Writing
ENGL 134AL,Writing
ENGL 134BL,Writing
ENGL 134CR,Writing
ENGL 134NA,Writing
ENGL 134RJ,Writing
ENGL 141MC,Writing
ENGL 150,Writing
ENGL 165AD,Writing
ENGL 165AE,Writing
ENGL 165EM,Writing
ENGL 165PP,Writing
ENGL 165RR,Writing
ENGL 170SB,Writing
ENGL 170TL,Writing
ENGL 171LE,Writing
ENGL 171NH,Writing
ENGL 179,Writing
ENGL 184,Writing
ENGL 185,Writing
ENGL 187ML,Writing
ENGL 192DF,Writing
ENGL 192FE,Writing
ENGL 192SC,Writing
ENGL 192SF,Writing
ENGL 192SS,Writing
ENGL 192WW,Writing
ENGL 193,Writing
ENV S 1,Writing
ENV S 2,Writing
ENV S 3,Writing
ENV S 122CC,Writing
ENV S 122LE,Writing
ENV S 122NE,Writing
ENV S 146,Writing
ENV S 160,Writing
ENV S 161,Writing
FAMST 46,Writing
FAMST 55BE,Writing
FAMST 55CY,Writing
FAMST 55DD,Writing
FAMST 56ZM,Writing
FAMST 101A,Writing
FAMST 101B,Writing
FAMST 101C,Writing
FAMST 122IT,Writing
FAMST 122JA,Writing
FAMST 122ME,Writing
FAMST 122NI,Writing
FAMST 163,Writing
FEMST 20,Writing
FEMST 30,Writing
FEMST 40,Writing
FEMST 50,Writing
FEMST 60,Writing
FEMST 80,Writing
FEMST 142,Writing
FEMST 150,Writing
FEMST 159B,Writing
FEMST 162,Writing
FEMSTW 20,Writing
FEMSTW 150,Writing
FR 34,Writing
FR 50CX,Writing
FR 149D,Writing
FR 149E,Writing
FR 153B,Writing
FR 154A,Writing
FR 154E,Writing
FR 154F,Writing
FR 154G,Writing
FR 154I,Writing
FR 189,Writing
GEOG 8,Writing
GEOG 140,Writing
GER 35,Writing
GER 43A,Writing
GER 55A,Writing
GER 115C,Writing
GER 116A,Writing
GER 151C,Writing
GER 164E,Writing
GER 164H,Writing
GER 177A,Writing
GER 179C,Writing
GER 185,Writing
GER 187,Writing
GLOBL 180A,Writing
HIST 2A,Writing
HIST 2B,Writing
HIST 2C,Writing
HIST 2CH,Writing
HIST 4A,Writing
HIST 4AH,Writing
HIST 4B,Writing
HIST 4C,Writing
HIST 5,Writing
HIST 8,Writing
HIST 17A,Writing
HIST 17B,Writing
HIST 17C,Writing
HIST 20,Writing
HIST 22,Writing
HIST 46A,Writing
HIST 46B,Writing
HIST 49A,Writing
HIST 49B,Writing
HIST 49C,Writing
HIST 56,Writing
HIST 74,Writing
HIST 80,Writing
HIST 87,Writing
HIST 88,Writing
HIST 106B,Writing
HIST 117C,Writing
HIST 123B,Writing
HIST 123C,Writing
HIST 144J,Writing
HIST 156A,Writing
HIST 159B,Writing
HIST 164C,Writing
HIST 167CA,Writing
HIST 167CB,Writing
HIST 168N,Writing
HIST 171C,Writing
HIST 171D,Writing
HIST 172A,Writing
HIST 184A,Writing
HIST 184B,Writing
HIST 185A,Writing
HIST 185B,Writing
HIST 187A,Writing
HIST 187B,Writing
HIST 189E,Writing
HIST W 17B,Writing
HIST W 80,Writing
HIST W 121A,Writing
INT 35HD,Writing
INT 37UD,Writing
INT 137RS,Writing
INT 137TH,Writing
ITAL 114X,Writing
JAPAN 112,Writing
JAPAN 159,Writing
JAPAN 162,Writing
JAPAN 165,Writing
JAPAN 167A,Writing
LAIS 10,Writing
LAIS 100S,Writing
LAIS 101,Writing
LAIS 102,Writing
LING 70,Writing
LING 132,Writing
LING 137,Writing
LING 170,Writing
LING 180,Writing
LING 187,Writing
MATRL 10,Writing
MUS 3A,Writing
MUS 3B,Writing
MUS 10A,Writing
MUS 10B,Writing
MUS 10C,Writing
MUS 15,Writing
MUS 16,Writing
MUS 114,Writing
MUS 116,Writing
MUS 119A,Writing
MUS 175F,Writing
MUS 175G,Writing
PHIL 1,Writing
PHIL 4,Writing
PHIL 7,Writing
PHIL 20A,Writing
PHIL 20B,Writing
PHIL 20C,Writing
PHIL 100A,Writing
PHIL 100B,Writing
PHIL 100C,Writing
PHIL 100D,Writing
PHIL 100E,Writing
PHIL 100F,Writing
PHIL 112,Writing
PHYS 128AL,Writing
POL S 1,Writing
POL S 7,Writing
POL S 12,Writing
POL S 114,Writing
POL S 121,Writing
POL S 127,Writing
POL S 145,Writing
POL S 155,Writing
POL SW 121,Writing
PORT 125A,Writing
PSY 10A,Writing
PSY 111L,Writing
PSY 117L,Writing
PSY 118L,Writing
PSY 120L,Writing
PSY 129L,Writing
PSY 138L,Writing
PSY 150L,Writing
PSY 155L,Writing
RG ST 1,Writing
RG ST 3,Writing
RG ST 4,Writing
RG ST 7,Writing
RG ST 14,Writing
RG ST 19,Writing
RG ST 21,Writing
RG ST 30,Writing
RG ST 35,Writing
RG ST 48,Writing
RG ST 80C,Writing
RG ST 84,Writing
RG ST 106,Writing
RG ST 116A,Writing
RG ST 123,Writing
RG ST 127B,Writing
RG ST 131F,Writing
RG ST 131J,Writing
RG ST 133C,Writing
RG ST 140B,Writing
RG ST 145,Writing
RG ST 147,Writing
RG ST 151B,Writing
RG ST 152,Writing
RG ST 158E,Writing
RG ST 158F,Writing
RG ST 167A,Writing
RG ST 179B,Writing
SLAV 151C,Writing
SLAV 152A,Writing
SLAV 152B,Writing
SLAV 152C,Writing
SLAV 164B,Writing
SLAV 175A,Writing
SLAV 181A,Writing
SLAV 181B,Writing
SLAV 187,Writing
SOC 128,Writing
SOC 130LA,Writing
SOC 130ME,Writing
SOC 134,Writing
SOC 144,Writing
SOC 153,Writing
SOC 154A,Writing
SOC 156A,Writing
SOC 170,Writing
SPAN 16A,Writing
SPAN 16B,Writing
SPAN 25,Writing
SPAN 107,Writing
SPAN 108,Writing
SPAN 178,Writing
THTR 1,Writing
THTR 2B,Writing
THTR 2C,Writing
THTR 9,Writing
THTR 180A,Writing
THTR 180E,Writing
THTR 180G,Writing
THTR 182A,Writing
THTR 182M,Writing
THTR 188S,Writing
THTR W 2B,Writing
WRIT 18,Writing
ANTH 3,World Cult
ANTH 3SS,World Cult
ANTH 110,World Cult
ANTH 134,World Cult
ANTH 135,World Cult
ANTH 137,World Cult
ANTH 138TS,World Cult
ANTH 156,World Cult
ANTH 2,World Cult
ARTHI 6DL,World Cult
ARTHI 6DS,World Cult
ARTHI 6E,World Cult
ARTHI 6H,World Cult
ARTHI 6K,World Cult
ARTHI 127A,World Cult
ARTHI 130D,World Cult
ARTHI 132A,World Cult
ARTHI 134C,World Cult
ARTHI 134D,World Cult
ARTHI 134E,World Cult
BL ST 3,World Cult
BL ST 7,World Cult
BL ST 33,World Cult
BL ST 49A,World Cult
BL ST 49B,World Cult
BL ST 49C,World Cult
BL ST 104,World Cult
BL ST 126,World Cult
BL ST 130A,World Cult
BL ST 130B,World Cult
BL ST 162,World Cult
BL ST 171,World Cult
BL ST 175,World Cult
C LIT 31,World Cult
C LIT 32,World Cult
C LIT 33,World Cult
C LIT 36,World Cult
C LIT 82,World Cult
C LIT 115,World Cult
C LIT 126,World Cult
C LIT 171,World Cult
C LIT 175A,World Cult
CH ST 113,World Cult
CHIN 40,World Cult
CHIN 48,World Cult
CHIN 82,World Cult
CHIN 134D,World Cult
CHIN 148,World Cult
CHIN 170,World Cult
CHIN 176,World Cult
CHIN 183B,World Cult
CHIN 185A,World Cult
CHIN 185B,World Cult
EACS 3,World Cult
EACS 4A,World Cult
EACS 4B,World Cult
EACS 5,World Cult
EACS 21,World Cult
EACS 80,World Cult
EACS 103B,World Cult
EACS 103C,World Cult
EACS 128,World Cult
ENGL 24,World Cult
ENGL 141MC,World Cult
ENV S 130A,World Cult
ENV S 130B,World Cult
FEMST 30,World Cult
FR 151G,World Cult
FR 154G,World Cult
FR 154L,World Cult
GEOG 2,World Cult
GLOBL 1,World Cult
HIST 46A,World Cult
HIST 46B,World Cult
HIST 49A,World Cult
HIST 49B,World Cult
HIST 49C,World Cult
HIST 56,World Cult
HIST 80,World Cult
HIST 87,World Cult
HIST 88,World Cult
HIST 146,World Cult
HIST 146W,World Cult
HIST 156A,World Cult
HIST 184A,World Cult
HIST 184B,World Cult
HIST 185A,World Cult
HIST 185B,World Cult
HIST 187A,World Cult
HIST 187B,World Cult
HIST 189E,World Cult
HIST W 80,World Cult
JAPAN 112,World Cult
JAPAN 159,World Cult
JAPAN 162,World Cult
JAPAN 165,World Cult
KOR 113,World Cult
LAIS 10,World Cult
LAIS 100S,World Cult
MES 45,World Cult
MUS 175F,World Cult
MUS 175G,World Cult
RG ST 3,World Cult
RG ST 4,World Cult
RG ST 6,World Cult
RG ST 19,World Cult
RG ST 21,World Cult
RG ST 31,World Cult
RG ST 48,World Cult
RG ST 84,World Cult
RG ST 115G,World Cult
RG ST 128,World Cult
RG ST 129,World Cult
RG ST 131H,World Cult
RG ST 133C,World Cult
RG ST 133E,World Cult
RG ST 140B,World Cult
RG ST 140D,World Cult
RG ST 140F,World Cult
RG ST 149R,World Cult
RG ST 157CP,World Cult
RG ST 157PP,World Cult
RG ST 160A,World Cult
RG ST 162A,World Cult
RG ST 162J,World Cult
RG ST 183B,World Cult
RG ST 185,World Cult
SLAV 175A,World Cult
SOC 130ME,World Cult
SPAN 177,World Cult
SPAN 178,World Cult
THTR 2B,World Cult
THTR W 2B,World Cult
AS AM 1,AHI
AS AM 2,AHI
AS AMW 1,AHI
BL ST 1,AHI
BL ST 137E,AHI
BL ST 169BR,AHI
CH ST 1A,AHI
CH ST 1B,AHI
CH ST 1C,AHI
CH ST 168B,AHI
CH STW 1B,AHI
ENGL 133TL,AHI
ENGL 134AA,AHI
ENGL 134AD,AHI
ENGL 134AL,AHI
ENGL 134BL,AHI
ENGL 134CR,AHI
ENGL 134NA,AHI
ENGL 134RJ,AHI
FEMST 159B,AHI
HIST 17A,AHI
HIST 17B,AHI
HIST 17C,AHI
HIST 142AL,AHI
HIST 159B,AHI
HIST 164C,AHI
HIST 166B,AHI
HIST 166LB,AHI
HIST 168A,AHI
HIST 168B,AHI
HIST 168N,AHI
HIST 172A,AHI
HIST 173T,AHI
HIST 177,AHI
HIST 178A,AHI
HIST 178B,AHI
HIST 179B,AHI
HIST W 17B,AHI
POL S 12,AHI
POL S 127,AHI
POL S 152,AHI
POL S 155,AHI
POL S 157,AHI
POL S 162,AHI
RG ST 7,AHI
RG ST 14,AHI
RG ST 151B,AHI
RG ST 152,AHI
SOC 144,AHI
THTR 180A,AHI
